{"url":"간절곶","pos_score":0.7049093885,"neg_score":0.0233289211,"total_score":0.6815804674,"count":394,"total_score_z":0.9965693386,"count_z":0.9096908837,"z_score":1.9062602223}
{"url":"장생포고래문화마을","pos_score":0.6822957974,"neg_score":0.0245219333,"total_score":0.6577738641,"count":390,"total_score_z":0.7302813757,"count_z":0.8757397421,"z_score":1.6060211177}
{"url":"일산해수욕장","pos_score":0.6806509948,"neg_score":0.0266214359,"total_score":0.6540295588,"count":386,"total_score_z":0.6883995738,"count_z":0.8417886004,"z_score":1.5301881742}
{"url":"대왕암공원","pos_score":0.6717150862,"neg_score":0.0254693963,"total_score":0.6462456899,"count":392,"total_score_z":0.601333369,"count_z":0.8927153129,"z_score":1.4940486819}
{"url":"진하해수욕장","pos_score":0.6688799274,"neg_score":0.0278431633,"total_score":0.6410367641,"count":396,"total_score_z":0.5430691044,"count_z":0.9266664545,"z_score":1.4697355589}
{"url":"태화강전망대","pos_score":0.584815841,"neg_score":0.0278409259,"total_score":0.556974915,"count":504,"total_score_z":-0.397201893,"count_z":1.8433472792,"z_score":1.4461453862}
{"url":"슬도","pos_score":0.6879750755,"neg_score":0.0309890378,"total_score":0.6569860377,"count":370,"total_score_z":0.7214691694,"count_z":0.7059840338,"z_score":1.4274532032}
{"url":"함월루","pos_score":0.6722646924,"neg_score":0.024427327,"total_score":0.6478373654,"count":372,"total_score_z":0.6191370021,"count_z":0.7229596046,"z_score":1.3420966067}
{"url":"정자해수욕장","pos_score":0.6668241532,"neg_score":0.0386858961,"total_score":0.628138257,"count":396,"total_score_z":0.3987932852,"count_z":0.9266664545,"z_score":1.3254597398}
{"url":"울산과학관","pos_score":0.6456301742,"neg_score":0.0214519308,"total_score":0.6241782434,"count":384,"total_score_z":0.3544986851,"count_z":0.8248130296,"z_score":1.1793117147}
{"url":"장생포모노레일","pos_score":0.6786479589,"neg_score":0.0243415524,"total_score":0.6543064065,"count":318,"total_score_z":0.6914962439,"count_z":0.2646191923,"z_score":0.9561154362}
{"url":"간월재","pos_score":0.6375481872,"neg_score":0.0426106749,"total_score":0.5949375124,"count":392,"total_score_z":0.0274274676,"count_z":0.8927153129,"z_score":0.9201427805}
{"url":"주전몽돌해변","pos_score":0.6499200184,"neg_score":0.0355273168,"total_score":0.6143927017,"count":350,"total_score_z":0.2450428358,"count_z":0.5362283255,"z_score":0.7812711613}
{"url":"태화강동굴피아","pos_score":0.6401822898,"neg_score":0.0310738986,"total_score":0.6091083912,"count":350,"total_score_z":0.1859353578,"count_z":0.5362283255,"z_score":0.7221636833}
{"url":"방어진활어센터","pos_score":0.6099776511,"neg_score":0.0300395488,"total_score":0.5799381023,"count":384,"total_score_z":-0.1403479311,"count_z":0.8248130296,"z_score":0.6844650985}
{"url":"울산옹기박물관","pos_score":0.6110696659,"neg_score":0.0137117323,"total_score":0.5973579336,"count":350,"total_score_z":0.0545010083,"count_z":0.5362283255,"z_score":0.5907293339}
{"url":"태화강국가정원","pos_score":0.6691903189,"neg_score":0.0216628028,"total_score":0.6475275161,"count":252,"total_score_z":0.6156711934,"count_z":-0.295574645,"z_score":0.3200965484}
{"url":"태화강억새군락지","pos_score":0.7107538132,"neg_score":0.0203573167,"total_score":0.6903964965,"count":195,"total_score_z":1.095180737,"count_z":-0.7793784135,"z_score":0.3158023234}
{"url":"울산대공원","pos_score":0.6671455001,"neg_score":0.0231966839,"total_score":0.6439488162,"count":200,"total_score_z":0.5756417648,"count_z":-0.7369394865,"z_score":-0.1612977217}
{"url":"장생포고래박물관","pos_score":0.6281367364,"neg_score":0.0274268459,"total_score":0.6007098905,"count":240,"total_score_z":0.09199421,"count_z":-0.3974280699,"z_score":-0.3054338599}
{"url":"솔개해수욕장","pos_score":0.6753897174,"neg_score":0.0296747829,"total_score":0.6457149345,"count":138,"total_score_z":0.5953966222,"count_z":-1.2631821821,"z_score":-0.6677855599}
{"url":"학성공원","pos_score":0.5574420294,"neg_score":0.02719449,"total_score":0.5302475394,"count":288,"total_score_z":-0.696160058,"count_z":0.0099856299,"z_score":-0.6861744281}
{"url":"강동몽돌해변","pos_score":0.6804572682,"neg_score":0.0319917067,"total_score":0.6484655615,"count":127,"total_score_z":0.6261636685,"count_z":-1.3565478217,"z_score":-0.7303841531}
{"url":"태화강생태관","pos_score":0.6604778902,"neg_score":0.0200026922,"total_score":0.640475198,"count":137,"total_score_z":0.5367877254,"count_z":-1.2716699675,"z_score":-0.7348822421}
{"url":"백양사","pos_score":0.6208456301,"neg_score":0.0238944118,"total_score":0.5969512183,"count":180,"total_score_z":0.0499517081,"count_z":-0.9066951947,"z_score":-0.8567434866}
{"url":"주전항","pos_score":0.5182044708,"neg_score":0.0428117436,"total_score":0.4753927272,"count":330,"total_score_z":-1.3097367223,"count_z":0.3664726173,"z_score":-0.943264105}
{"url":"나사리해수욕장","pos_score":0.6829439923,"neg_score":0.032276794,"total_score":0.6506671983,"count":83,"total_score_z":0.6507900025,"count_z":-1.7300103798,"z_score":-1.0792203773}
{"url":"고래생태체험관","pos_score":0.66933345,"neg_score":0.0297783397,"total_score":0.6395551103,"count":84,"total_score_z":0.5264961152,"count_z":-1.7215225944,"z_score":-1.1950264792}
{"url":"해남사","pos_score":0.3850424109,"neg_score":0.0318397916,"total_score":0.3532026194,"count":447,"total_score_z":-2.6764900808,"count_z":1.3595435106,"z_score":-1.3169465702}
{"url":"정토사","pos_score":0.5241047147,"neg_score":0.03068883,"total_score":0.4934158847,"count":258,"total_score_z":-1.1081392981,"count_z":-0.2446479325,"z_score":-1.3527872306}
{"url":"태화루","pos_score":0.6285408217,"neg_score":0.0285945073,"total_score":0.5999463143,"count":106,"total_score_z":0.0834532542,"count_z":-1.5347913153,"z_score":-1.4513380612}
{"url":"문수야구장","pos_score":0.5560097015,"neg_score":0.0380365981,"total_score":0.5179731034,"count":158,"total_score_z":-0.8334553505,"count_z":-1.0934264738,"z_score":-1.9268818243}
{"url":"약사동제방유적전시관","pos_score":0.427669491,"neg_score":0.0354037841,"total_score":0.3922657069,"count":274,"total_score_z":-2.2395512238,"count_z":-0.1088433659,"z_score":-2.3483945897}
{"url":"울산항만선착장","pos_score":0.3743882078,"neg_score":0.0415609728,"total_score":0.3328272349,"count":127,"total_score_z":-2.9043982607,"count_z":-1.3565478217,"z_score":-4.2609460823}
