{"url":"간절곶","pos_score":0.705683309,"neg_score":0.0231305794,"total_score":0.6825527296,"count":200,"total_score_z":1.0086909798,"count_z":0.6078845478,"z_score":1.6165755276}
{"url":"신정시장","pos_score":0.7006619019,"neg_score":0.0205559393,"total_score":0.6801059626,"count":200,"total_score_z":0.9811598595,"count_z":0.6078845478,"z_score":1.5890444073}
{"url":"태화강억새군락지","pos_score":0.7107538132,"neg_score":0.0203573167,"total_score":0.6903964965,"count":195,"total_score_z":1.0969493576,"count_z":0.4672813305,"z_score":1.5642306881}
{"url":"언양자수정동굴나라","pos_score":0.7000488335,"neg_score":0.0334456927,"total_score":0.6666031408,"count":200,"total_score_z":0.8292255707,"count_z":0.6078845478,"z_score":1.4371101184}
{"url":"작천정계곡","pos_score":0.6819344069,"neg_score":0.0236511916,"total_score":0.6582832154,"count":200,"total_score_z":0.735609438,"count_z":0.6078845478,"z_score":1.3434939858}
{"url":"슬도","pos_score":0.6884782921,"neg_score":0.030817374,"total_score":0.6576609181,"count":200,"total_score_z":0.7286073242,"count_z":0.6078845478,"z_score":1.3364918719}
{"url":"장생포고래문화마을","pos_score":0.6820278235,"neg_score":0.0256177057,"total_score":0.6564101178,"count":200,"total_score_z":0.7145332697,"count_z":0.6078845478,"z_score":1.3224178175}
{"url":"함월루","pos_score":0.6786941495,"neg_score":0.0235851142,"total_score":0.6551090353,"count":200,"total_score_z":0.6998934376,"count_z":0.6078845478,"z_score":1.3077779853}
{"url":"태화강생태관","pos_score":0.6709978499,"neg_score":0.0206288971,"total_score":0.6503689528,"count":200,"total_score_z":0.6465578402,"count_z":0.6078845478,"z_score":1.254442388}
{"url":"강동몽돌해변","pos_score":0.6818269575,"neg_score":0.031735552,"total_score":0.6500914055,"count":200,"total_score_z":0.6434348667,"count_z":0.6078845478,"z_score":1.2513194145}
{"url":"장생포모노레일","pos_score":0.6742513539,"neg_score":0.0253846746,"total_score":0.6488666794,"count":200,"total_score_z":0.6296541994,"count_z":0.6078845478,"z_score":1.2375387472}
{"url":"진하해수욕장","pos_score":0.670669264,"neg_score":0.0274394475,"total_score":0.6432298164,"count":200,"total_score_z":0.5662279928,"count_z":0.6078845478,"z_score":1.1741125406}
{"url":"수암회수산시장","pos_score":0.6605624565,"neg_score":0.0207989622,"total_score":0.6397634942,"count":200,"total_score_z":0.527224797,"count_z":0.6078845478,"z_score":1.1351093448}
{"url":"태화강국가정원","pos_score":0.6698365076,"neg_score":0.0215484775,"total_score":0.6482880301,"count":196,"total_score_z":0.6231432143,"count_z":0.495401974,"z_score":1.1185451882}
{"url":"나사리해수욕장","pos_score":0.6833842956,"neg_score":0.0335826821,"total_score":0.6498016134,"count":195,"total_score_z":0.6401741149,"count_z":0.4672813305,"z_score":1.1074554454}
{"url":"정자해수욕장","pos_score":0.6704908041,"neg_score":0.039277164,"total_score":0.6312136401,"count":200,"total_score_z":0.4310214979,"count_z":0.6078845478,"z_score":1.0389060456}
{"url":"울산과학관","pos_score":0.6456301742,"neg_score":0.0214519308,"total_score":0.6241782434,"count":200,"total_score_z":0.3518589331,"count_z":0.6078845478,"z_score":0.9597434808}
{"url":"언양알프스시장","pos_score":0.6270402658,"neg_score":0.0175330266,"total_score":0.6095072392,"count":200,"total_score_z":0.1867802091,"count_z":0.6078845478,"z_score":0.7946647569}
{"url":"태화루","pos_score":0.6354492335,"neg_score":0.0262101025,"total_score":0.6092391311,"count":200,"total_score_z":0.1837634453,"count_z":0.6078845478,"z_score":0.7916479931}
{"url":"주전몽돌해변","pos_score":0.6463657667,"neg_score":0.037211684,"total_score":0.6091540827,"count":200,"total_score_z":0.1828064777,"count_z":0.6078845478,"z_score":0.7906910255}
{"url":"야음시장","pos_score":0.6307010571,"neg_score":0.0225403637,"total_score":0.6081606934,"count":200,"total_score_z":0.1716288214,"count_z":0.6078845478,"z_score":0.7795133692}
{"url":"우정시장","pos_score":0.6824327838,"neg_score":0.0346227914,"total_score":0.6478099923,"count":183,"total_score_z":0.6177643148,"count_z":0.1298336091,"z_score":0.7475979239}
{"url":"장생포고래박물관","pos_score":0.6323626033,"neg_score":0.0285641842,"total_score":0.6037984191,"count":200,"total_score_z":0.1225443373,"count_z":0.6078845478,"z_score":0.730428885}
{"url":"울산옹기박물관","pos_score":0.6110696659,"neg_score":0.0137117323,"total_score":0.5973579336,"count":200,"total_score_z":0.0500757378,"count_z":0.6078845478,"z_score":0.6579602855}
{"url":"방어진활어센터","pos_score":0.6099776511,"neg_score":0.0300395488,"total_score":0.5799381023,"count":200,"total_score_z":-0.1459328986,"count_z":0.6078845478,"z_score":0.4619516491}
{"url":"호계시장","pos_score":0.6614185756,"neg_score":0.0187160841,"total_score":0.6427024915,"count":166,"total_score_z":0.5602945114,"count_z":-0.3482173295,"z_score":0.2120771819}
{"url":"신불산폭포자연휴양림","pos_score":0.5756383154,"neg_score":0.0423442793,"total_score":0.5332940361,"count":200,"total_score_z":-0.6707737922,"count_z":0.6078845478,"z_score":-0.0628892445}
{"url":"학성공원","pos_score":0.5581751477,"neg_score":0.0285338932,"total_score":0.5296412545,"count":200,"total_score_z":-0.7118750358,"count_z":0.6078845478,"z_score":-0.103990488}
{"url":"등억온천지구","pos_score":0.558991001,"neg_score":0.0389964855,"total_score":0.5199945155,"count":200,"total_score_z":-0.8204205279,"count_z":0.6078845478,"z_score":-0.2125359802}
{"url":"문수야구장","pos_score":0.5560097015,"neg_score":0.0380365981,"total_score":0.5179731034,"count":200,"total_score_z":-0.8431655372,"count_z":0.6078845478,"z_score":-0.2352809894}
{"url":"태화강전망대","pos_score":0.5926617949,"neg_score":0.0282021009,"total_score":0.564459694,"count":180,"total_score_z":-0.3200965658,"count_z":0.0454716788,"z_score":-0.274624887}
{"url":"고래생태체험관","pos_score":0.6734588439,"neg_score":0.0284992667,"total_score":0.6449595772,"count":138,"total_score_z":0.5856913298,"count_z":-1.1355953461,"z_score":-0.5499040163}
{"url":"주전항","pos_score":0.5182044708,"neg_score":0.0428117436,"total_score":0.4753927272,"count":200,"total_score_z":-1.3222816284,"count_z":0.6078845478,"z_score":-0.7143970806}
{"url":"일산해수욕장","pos_score":0.6816668264,"neg_score":0.0263958414,"total_score":0.6552709849,"count":127,"total_score_z":0.701715701,"count_z":-1.4449224241,"z_score":-0.743206723}
{"url":"선바위","pos_score":0.6485872287,"neg_score":0.0316170904,"total_score":0.6169701384,"count":137,"total_score_z":0.270753048,"count_z":-1.1637159896,"z_score":-0.8929629416}
{"url":"울산암각화박물관","pos_score":0.4678726187,"neg_score":0.0165298212,"total_score":0.4513427975,"count":200,"total_score_z":-1.5928923963,"count_z":0.6078845478,"z_score":-0.9850078485}
{"url":"대왕암공원","pos_score":0.6711965708,"neg_score":0.0258419849,"total_score":0.6453545859,"count":119,"total_score_z":0.5901359839,"count_z":-1.6698875717,"z_score":-1.0797515878}
{"url":"백양사","pos_score":0.6226994703,"neg_score":0.0234376245,"total_score":0.5992618458,"count":134,"total_score_z":0.0714986333,"count_z":-1.2480779199,"z_score":-1.1765792867}
{"url":"울산대공원","pos_score":0.6665143188,"neg_score":0.0230124012,"total_score":0.6435019176,"count":109,"total_score_z":0.5692896856,"count_z":-1.9510940061,"z_score":-1.3818043206}
{"url":"약사동제방유적전시관","pos_score":0.427669491,"neg_score":0.0354037841,"total_score":0.3922657069,"count":200,"total_score_z":-2.2576301763,"count_z":0.6078845478,"z_score":-1.6497456286}
{"url":"전하시장","pos_score":0.419798147,"neg_score":0.0291650873,"total_score":0.3906330597,"count":200,"total_score_z":-2.2760007873,"count_z":0.6078845478,"z_score":-1.6681162395}
{"url":"정토사","pos_score":0.5241047147,"neg_score":0.03068883,"total_score":0.4934158847,"count":158,"total_score_z":-1.1194843418,"count_z":-0.5731824771,"z_score":-1.6926668189}
{"url":"솔개해수욕장","pos_score":0.6839197345,"neg_score":0.0276023011,"total_score":0.6563174335,"count":83,"total_score_z":0.7134903816,"count_z":-2.6822307358,"z_score":-1.9687403542}
{"url":"간월재","pos_score":0.6375481872,"neg_score":0.0426106749,"total_score":0.5949375124,"count":106,"total_score_z":0.0228410614,"count_z":-2.0354559365,"z_score":-2.012614875}
{"url":"태화강동굴피아",