{"url":"간절곶","pos_score":0.7049093885,"neg_score":0.0233289211,"total_score":0.6815804674,"count":394,"total_score_z":1.0253130341,"count_z":0.9414993917,"z_score":1.0169316699}
{"url":"태화강억새군락지","pos_score":0.7107538132,"neg_score":0.0203573167,"total_score":0.6903964965,"count":158,"total_score_z":1.1224641546,"count_z":-1.0346549735,"z_score":0.9067522418}
{"url":"장생포고래문화마을","pos_score":0.6822957974,"neg_score":0.0245219333,"total_score":0.6577738641,"count":384,"total_score_z":0.7629683721,"count_z":0.8577640372,"z_score":0.7724479386}
{"url":"일산해수욕장","pos_score":0.6806509948,"neg_score":0.0266214359,"total_score":0.6540295588,"count":396,"total_score_z":0.7217067731,"count_z":0.9582464625,"z_score":0.745360742}
{"url":"함월루","pos_score":0.6722646924,"neg_score":0.024427327,"total_score":0.6478373654,"count":447,"total_score_z":0.6534698699,"count_z":1.3852967703,"z_score":0.7266525599}
{"url":"강동몽돌해변","pos_score":0.6804572682,"neg_score":0.0319917067,"total_score":0.6484655615,"count":390,"total_score_z":0.6603924825,"count_z":0.9080052499,"z_score":0.6851537593}
{"url":"태화강국가정원","pos_score":0.6691903189,"neg_score":0.0216628028,"total_score":0.6475275161,"count":384,"total_score_z":0.6500553843,"count_z":0.8577640372,"z_score":0.6708262496}
{"url":"대왕암공원","pos_score":0.6717150862,"neg_score":0.0254693963,"total_score":0.6462456899,"count":386,"total_score_z":0.6359298803,"count_z":0.8745111081,"z_score":0.659788003}
{"url":"나사리해수욕장","pos_score":0.6829439923,"neg_score":0.032276794,"total_score":0.6506671983,"count":318,"total_score_z":0.6846541397,"count_z":0.3051106978,"z_score":0.6466997955}
{"url":"울산대공원","pos_score":0.6671455001,"neg_score":0.0231966839,"total_score":0.6439488162,"count":396,"total_score_z":0.6106187277,"count_z":0.9582464625,"z_score":0.6453815012}
{"url":"진하해수욕장","pos_score":0.6688799274,"neg_score":0.0278431633,"total_score":0.6410367641,"count":392,"total_score_z":0.5785284166,"count_z":0.9247523208,"z_score":0.613150807}
{"url":"고래생태체험관","pos_score":0.66933345,"neg_score":0.0297783397,"total_score":0.6395551103,"count":370,"total_score_z":0.5622008471,"count_z":0.740534541,"z_score":0.5800342165}
{"url":"솔개해수욕장","pos_score":0.6753897174,"neg_score":0.0296747829,"total_score":0.6457149345,"count":252,"total_score_z":0.6300810472,"count_z":-0.2475426416,"z_score":0.5423186783}
{"url":"태화강생태관","pos_score":0.6604778902,"neg_score":0.0200026922,"total_score":0.640475198,"count":288,"total_score_z":0.5723400549,"count_z":0.0539046344,"z_score":0.5204965128}
{"url":"태화강동굴피아","pos_score":0.6401822898,"neg_score":0.0310738986,"total_score":0.6091083912,"count":504,"total_score_z":0.2266832525,"count_z":1.8625882907,"z_score":0.3902737563}
{"url":"정자해수욕장","pos_score":0.6668241532,"neg_score":0.0386858961,"total_score":0.628138257,"count":240,"total_score_z":0.4363890928,"count_z":-0.348025067,"z_score":0.3579476768}
{"url":"주전몽돌해변","pos_score":0.6499200184,"neg_score":0.0355273168,"total_score":0.6143927017,"count":350,"total_score_z":0.2849154428,"count_z":0.573063832,"z_score":0.3137302817}
{"url":"울산과학관","pos_score":0.6456301742,"neg_score":0.0214519308,"total_score":0.6241782434,"count":200,"total_score_z":0.3927504251,"count_z":-0.6829664848,"z_score":0.2851787341}
{"url":"장생포고래박물관","pos_score":0.6281367364,"neg_score":0.0274268459,"total_score":0.6007098905,"count":350,"total_score_z":0.1341332235,"count_z":0.573063832,"z_score":0.1780262844}
{"url":"백양사","pos_score":0.6208456301,"neg_score":0.0238944118,"total_score":0.5969512183,"count":372,"total_score_z":0.0927133042,"count_z":0.7572816119,"z_score":0.159170135}
{"url":"태화루","pos_score":0.6285408217,"neg_score":0.0285945073,"total_score":0.5999463143,"count":330,"total_score_z":0.1257187457,"count_z":0.4055931231,"z_score":0.1537061834}
{"url":"간월재","pos_score":0.6375481872,"neg_score":0.0426106749,"total_score":0.5949375124,"count":195,"total_score_z":0.0705226119,"count_z":-0.724834162,"z_score":-0.0090130655}
{"url":"울산옹기박물관","pos_score":0.6110696659,"neg_score":0.0137117323,"total_score":0.5973579336,"count":137,"total_score_z":0.0971952365,"count_z":-1.2104992178,"z_score":-0.0335742089}
{"url":"방어진활어센터","pos_score":0.6099776511,"neg_score":0.0300395488,"total_score":0.5799381023,"count":127,"total_score_z":-0.0947683002,"count_z":-1.2942345723,"z_score":-0.2147149274}
{"url":"태화강전망대","pos_score":0.584815841,"neg_score":0.0278409259,"total_score":0.556974915,"count":258,"total_score_z":-0.3478186637,"count_z":-0.1973014289,"z_score":-0.3327669402}
{"url":"학성공원","pos_score":0.5574420294,"neg_score":0.02719449,"total_score":0.5302475394,"count":274,"total_score_z":-0.6423497341,"count_z":-0.0633248618,"z_score":-0.5844472468}
{"url":"문수야구장","pos_score":0.5560097015,"neg_score":0.0380365981,"total_score":0.5179731034,"count":83,"total_score_z":-0.7776119018,"count_z":-1.6626701319,"z_score":-0.8661177248}
{"url":"정토사","pos_score":0.5241047147,"neg_score":0.03068883,"total_score":0.4934158847,"count":106,"total_score_z":-1.0482282174,"count_z":-1.4700788166,"z_score":-1.0904132773}
{"url":"주전항","pos_score":0.5182044708,"neg_score":0.0428117436,"total_score":0.4753927272,"count":180,"total_score_z":-1.2468403045,"count_z":-0.8504371937,"z_score":-1.2071999934}
{"url":"약사동제방유적전시관","pos_score":0.427669491,"neg_score":0.0354037841,"total_score":0.3922657069,"count":138,"total_score_z":-2.1628857331,"count_z":-1.2021256824,"z_score":-2.066809728}
{"url":"해남사","pos_score":0.3850424109,"neg_score":0.0318397916,"total_score":0.3532026194,"count":127,"total_score_z":-2.593354221,"count_z":-1.2942345723,"z_score":-2.4634422561}
{"url":"울산항만선착장","pos_score":0.3743882078,"neg_score":0.0415609728,"total_score":0.3328272349,"count":84,"total_score_z":-2.8178874434,"count_z":-1.6542965964,"z_score":-2.7015283587}
